bottom_left,top_right,name,pop_density
"(-1.8161109685897259, 53.421360015869254)","(-1.3061840534210205, 53.60667037963873)",Barnsley,750.0
"(-2.6966557502745445, 51.27304840087885)","(-2.2769451141356853, 51.43659210205084)",Bath and North East Somerset,559.0
"(-0.6544439792632488, 52.08183670043957)","(-0.2922573387622833, 52.317974090576286)",Bedford,364.0
"(-2.0108871459960938, 52.377490997314396)","(-1.7333320379256634, 52.607460021972656)",Birmingham,4264.0
"(-2.564295291900578, 53.616146087646484)","(-2.3669300079345703, 53.78715896606457)",Blackburn with Darwen,1092.0
"(-3.0580549240111736, 53.776897430420036)","(-2.995264768600464, 53.880752563476676)",Blackpool,3999.0
"(-2.6409306526183514, 53.51855087280279)","(-2.334949254989567, 53.63376617431635)",Bolton,2057.0
"(-0.8352397680282024, 51.33313369750982)","(-0.6335460543631939, 51.470760345458984)",Bracknell Forest,1120.0
"(-2.054637908935547, 53.72221755981445)","(-1.6386594772338867, 53.962688446044865)",Bradford,1473.0
"(-0.23055499792099, 50.79930496215832)","(-0.023762045428156853, 50.89139175415045)",Brighton and Hove,3512.0
"(-2.4054169654845623, 53.514717102050895)","(-2.250516891479492, 53.66535186767584)",Bury,1920.0
"(-2.159722089767456, 53.61591339111334)","(-1.7268034219741821, 53.822307586669865)",Calderdale,581.0
"(0.14767824113363304, 52.15781784057617)","(0.2473315447569462, 52.23085784912121)",Cambridge,3066.0
"(0.04170852154499016, 52.15780258178711)","(0.5017970800399212, 52.503330230713004)",East Cambridgeshire,138.0
"(-0.19463731348514557, 52.3822021484375)","(0.24557970464235268, 52.74031829833996)",Fenland,186.0
"(-0.5039574503898052, 52.15367889404297)","(0.05687946081161499, 52.57614898681635)",Huntingdonshire,196.0
"(0.15707799792295418, 52.43138885498047)","(0.8173015713691711, 52.988193511963004)",King's Lynn and West Norfolk,105.0
"(-0.2194525450467495, 52.00249099731457)","(0.43337869644170723, 52.37567520141607)",South Cambridgeshire,176.0
"(-0.6880549788475037, 51.801670074462834)","(-0.141914963722229, 52.20760345458996)",Central Bedfordshire,403.0
"(-2.7695577144622803, 52.96085739135748)","(-2.0024092197418213, 53.38039016723633)",Cheshire East,329.0
"(-3.1175944805144695, 52.988212585449276)","(-2.3542683124542236, 53.362483978271484)",Cheshire West and Chester,373.0
"(-5.7480549812316895, 49.95541763305664)","(-4.165832996368408, 50.923049926757756)",Cornwall,161.0
"(-1.5962399244307335, 52.378635406494084)","(-1.4422719478607178, 52.46838378906244)",Coventry,3766.0
"(-3.5791659355163574, 54.54137802124018)","(-2.888490438461247, 54.95458221435558)",Allerdale,79.0
"(-3.276945114135742, 54.044303894043026)","(-3.1213901042937664, 54.25016403198242)",Barrow-in-Furness,861.0
"(-3.1128242015838623, 54.83375167846691)","(-2.4819459915161133, 55.19132995605469)",Carlisle,105.0
"(-3.64083194732666, 54.11138916015625)","(-2.974116563796997, 54.61769104003912)",Copeland,93.0
"(-3.007910966873169, 54.432479858398494)","(-2.150278091430664, 54.89271545410162)",Eden,25.0
"(-3.09277606010437, 54.149307250976676)","(-2.2799301147460938, 54.56071090698242)",South Lakeland,68.0
"(-1.7205075025557335, 54.44609832763666)","(-1.4182077646254925, 54.62272262573248)",Darlington,541.0
"(-1.56753671169281, 52.871776580810604)","(-1.3927186727523235, 52.96515274047846)",Derby,3297.0
"(-1.6679751873016357, 52.91990661621094)","(-1.3076188564300537, 53.09504318237299)",Amber Valley,483.0
"(-1.4017227888106731, 53.067104339599666)","(-1.1754388809203533, 53.31723785400396)",Bolsover,502.0
"(-1.4717046022414593, 53.24123382568354)","(-1.3330323696136475, 53.299011230468864)",Chesterfield,1589.0
"(-1.9392313957214355, 52.86930465698248)","(-1.5459892749786377, 53.364456176757756)",Derbyshire Dales,91.0
"(-1.4843122959136394, 52.91516113281256)","(-1.290216088294926, 53.00234222412115)",Erewash,1052.0
"(-2.0434410572052, 53.20152282714855)","(-1.6584341526031494, 53.54536437988287)",High Peak,172.0
"(-1.645387887954655, 53.07289123535162)","(-1.3121849298477173, 53.338527679443416)",North East Derbyshire,368.0
"(-1.7652757167815025, 52.69113922119152)","(-1.249345660209599, 52.95299530029308)",South Derbyshire,317.0
"(-3.587575435638371, 50.60625076293951)","(-2.8822219371795654, 50.9172477722168)",East Devon,180.0
"(-3.5707666873931885, 50.674583435058594)","(-3.453057050704899, 50.759044647216854)",Exeter,2794.0
"(-3.9131262302398113, 50.722820281982536)","(-3.143388271331787, 51.03610992431652)",Mid Devon,90.0
"(-4.263054847717228, 50.879714965820426)","(-3.588057041168213, 51.246250152587834)",North Devon,89.0
"(-4.1602768898009685, 50.201248168945426)","(-3.5125010013580322, 50.54251098632824)",South Hams,98.0
"(-4.681389808654785, 50.47047805786144)","(-3.424721956252995, 51.20264053344732)",Teignbridge,199.0
"(-4.554721832275391, 50.65411376953119)","(-3.8850553035734947, 51.065139770507756)",Torridge,69.0
"(-4.338778972625732, 50.425971984863395)","(-3.7180116176604656, 50.87795257568365)",West Devon,48.0
"(-1.3648183345794678, 53.40293884277355)","(-0.8552790284155662, 53.65999984741205)",Doncaster,549.0
"(-2.177500009536743, 52.42221832275385)","(-1.9998967647551922, 52.552787780761776)",Dudley,3283.0
"(-1.1037622690200806, 53.55873489379883)","(0.14805500209331512, 54.16999816894537)",East Riding of Yorkshire,142.0
"(0.2075185626746361, 50.733749389648494)","(0.3419440090656849, 50.80827331542969)",Eastbourne,2349.0
"(0.5091647505760193, 50.84319305419922)","(0.6441789269447327, 50.89461517333996)",Hastings,3110.0
"(-0.128588005900383, 50.75624847412115)","(0.1404610276222229, 50.993328094482365)",Lewes,354.0
"(0.3084488809108734, 50.821250915527344)","(0.8727769851685707, 51.0793914794923)",Rother,189.0
"(-0.03880850598216057, 50.73847198486328)","(0.4402274787425995, 51.14416885375988)",Wealden,194.0
"(0.3817165791988373, 51.53773880004883)","(0.5474187731743427, 51.652698516845646)",Basildon,1702.0
"(0.3930560052394867, 51.76467132568365)","(0.7632765769959065, 52.07722091674816)",Braintree,249.0
"(0.19144855439674302, 51.553237915039006)","(0.416535794734898, 51.716964721679744)",Brentwood,503.0
"(0.5082442164421082, 51.507915496826286)","(0.635277986526603, 51.60768890380865)",Castle Point,2023.0
"(0.3287060856819153, 51.62841415405279)","(0.6669668555260273, 51.86011123657232)",Chelmsford,527.0
"(0.6828930974006653, 51.77291488647461)","(1.0069450139999958, 51.97496414184576)",Colchester,593.0
"(-0.012779000215175529, 51.601100921630916)","(0.35066497325897217, 51.81287765502941)",Epping Forest,388.0
"(0.0387827605009079, 51.733825683593864)","(0.15969724953180275, 51.78879928588873)",Harlow,2851.0
"(0.5901921987533569, 51.59305572509777)","(0.9602779746056171, 51.834358215332145)",Maldon,181.0
"(0.5432718992234413, 51.53488922119152)","(0.9380559921265785, 51.65182495117199)",Rochford,522.0
"(0.9155977964401245, 51.76930618286133)","(1.2930569648743813, 51.958137512207145)",Tendring,436.0
"(0.08055599778901978, 51.7701148986817)","(0.5069849491120522, 52.0849990844726)",Uttlesford,142.0
"(-1.8505580425261314, 54.87294769287121)","(-1.5040733814238934, 54.98013305664074)",Gateshead,1419.0
"(-2.1598596572875977, 51.86401367187506)","(-2.024475336074829, 51.94471359252924)",Cheltenham,2496.0
"(-2.3342173099517822, 51.57722091674805)","(-1.5001600980758667, 52.10583114624035)",Cotswold,77.0
"(-2.6886119842529297, 51.60569381713873)","(-2.278383731841984, 52.019718170166016)",Forest of Dean,165.0
"(-2.3040523529052166, 51.82738876342785)","(-2.1973388195037273, 51.8951034545899)",Gloucester,3184.0
"(-2.5440347194671062, 51.59026718139654)","(-2.0943074226378826, 51.86347579956055)",Stroud,260.0
"(-2.3376874923706055, 51.82510375976568)","(-1.8217569589614868, 52.04891204833996)",Tewkesbury,229.0
"(0.07461900264036103, 51.50651931762701)","(0.1934510022402378, 51.59897994995117)",Barking and Dagenham,5898.0
"(-0.2944210171699524, 51.551540374755916)","(-0.13357675075531006, 51.66541290283203)",Barnet,4563.0
"(0.08031299710279427, 51.39855575561529)","(0.2246820032596588, 51.51191329956066)",Bexley,4099.0
"(-0.3729209899901207, 51.522098541259766)","(-0.17897799611091614, 51.600532531738224)",Brent,7628.0
"(-0.07634399831295013, 51.28248977661127)","(0.16916699707508087, 51.43927001953131)",Bromley,2214.0
"(-0.20472800731658936, 51.50834274291992)","(-0.0963139981030281, 51.567050933838004)",Camden,12393.0
"(-0.1636189967393875, 51.28916168212896)","(0.01316700037574492, 51.41741180419933)",Croydon,4471.0
"(-0.4431159198283581, 51.48828887939459)","(-0.23543399572372437, 51.56396102905285)",Ealing,6154.0
"(-0.17966738343233146, 51.59539031982416)","(-0.0025800000875619844, 51.68915939331055)",Enfield,4130.0
"(-0.026713000610470772, 51.422630310058594)","(0.12143299728631973, 51.51191329956066)",Greenwich,6086.0
"(-0.09413299709558487, 51.51602935791027)","(-0.010503999888840099, 51.57374954223633)",Hackney,14758.0
"(-0.24449600279325523, 51.458381652832145)","(-0.16809499263763428, 51.52651214599621)",Hammersmith and Fulham,11287.0
"(-0.16264800727356032, 51.56012344360357)","(-0.02993199974298477, 51.60783386230469)",Haringey,9076.0
"(-0.43609428405756034, 51.55417633056652)","(-0.28029173612594604, 51.6384162902832)",Harrow,4977.0
"(0.14801900088792763, 51.48315429687506)","(0.33611100912094116, 51.629169464111385)",Havering,2310.0
"(-0.5162693858146667, 51.456485748291016)","(-0.4213365316390991, 51.630527496338004)",Hillingdon,2652.0
"(-0.45812395215034485, 51.41372680664068)","(-0.23650799691677094, 51.496505737304744)",Hounslow,4851.0
"(-0.1309179961681366, 51.51578903198242)","(-0.07009399682283401, 51.570995330810604)",Islington,16321.0
"(-0.2162300050258068, 51.47075271606445)","(-0.13897700607776642, 51.522098541259766)",Kensington and Chelsea,12876.0
"(-0.331616073846817, 51.323093414306754)","(-0.22475199401378632, 51.43349838256847)",Kingston upon Thames,4764.0
"(-0.14275099337100983, 51.408092498779354)","(-0.07454600185155869, 51.502265930175895)",Lambeth,12156.0
"(-0.06665299832820892, 51.41107177734381)","(0.04413999989628792, 51.4896354675293)",Lewisham,8702.0
"(-0.2442770004272461, 51.379131317138786)","(-0.1186790019273758, 51.43712997436535)",Merton,5490.0
"(-0.011008000001254459, 51.494274139404354)","(0.09957399964343949, 51.56355285644531)",Newham,9756.0
"(0.01809900067740955, 51.542129516601676)","(0.1524219959974289, 51.62652587890625)",Redbridge,5411.0
"(-0.38437798619270325, 51.38444137573248)","(-0.21320100128650665, 51.48240280151367)",Richmond upon Thames,3450.0
"(-0.10322199761861839, 51.41921997070318)","(-0.023135000839715758, 51.507091522216854)",Southwark,11045.0
"(-0.24305599927896537, 51.31964111328125)","(-0.1097989976405529, 51.38854980468756)",Sutton,4706.0
"(-0.0770730003713993, 51.479656219482536)","(0.019481999799609184, 51.543540954589844)",Tower Hamlets,16427.0
"(-0.05270899832248688, 51.55247879028326)","(0.027600999921560287, 51.6466522216798)",Waltham Forest,7137.0
"(-0.24606899917120018, 51.41772079467768)","(-0.1214869990944294, 51.47975540161133)",Wandsworth,9624.0
"(-0.21105700731277466, 51.476806640625)","(-0.0998620018362999, 51.532150268554744)",Westminster,12167.0
"(-2.8377606868743896, 53.307106018066406)","(-2.593505859375, 53.40318298339844)",Halton,1636.0
"(-1.5319429636001587, 50.73847198486328)","(-0.9430559873580933, 51.3763885498048)",Basingstoke and Deane,279.0
"(-1.1282228231430054, 50.873863220214844)","(-0.7515377402305035, 51.224464416503906)",East Hampshire,238.0
"(-1.4109828472136883, 50.85569381713873)","(-1.2629687786101726, 51.00153350830084)",Eastleigh,1677.0
"(-1.3294135332107544, 50.803573608398494)","(-1.119423508644104, 50.89456176757818)",Fareham,1565.0
"(-1.2069455385207561, 50.772914886474666)","(-1.1113879680633545, 50.83902740478521)",Gosport,3344.0
"(-1.029770612716618, 51.182369232177734)","(-0.7556226253509521, 51.362163543701286)",Hart,451.0
"(-1.0590938329696655, 50.83486175537115)","(-0.9225000143051147, 50.90640258789074)",Havant,2264.0
"(-1.9500010013580322, 50.7054176330567)","(-1.3058329820632366, 51.00915908813471)",New Forest,239.0
"(-0.8308602571487427, 51.21374893188482)","(-0.7252780199050903, 51.320594787597656)",Rushmoor,2423.0
"(-1.6963880062103271, 50.933639526367244)","(-1.3296411037443931, 51.33457183837896)",Test Valley,201.0
"(-1.4556821584701538, 50.83541488647461)","(-1.0395355224608238, 51.18597030639643)",Winchester,189.0
"(-1.3936703205108643, 54.62155151367199)","(-1.1591659784316448, 54.72800827026373)",Hartlepool,999.0
"(-0.12515555322170258, 51.67724990844738)","(0.011132917366865058, 51.7702255249024)",Broxbourne,1891.0
"(-0.7482051253318787, 51.673698425293026)","(-0.41381305456155815, 51.84972000122082)",Dacorum,728.0
"(-0.19809772074222565, 51.731945037841854)","(0.19916699826728745, 51.991622924804744)",East Hertfordshire,315.0
"(-0.3943477571010021, 51.61973190307617)","(-0.15574230253696442, 51.73837280273443)",Hertsmere,1037.0
"(-0.4053906798362732, 51.83638381958002)","(0.0906547605991932, 52.08500289916998)",North Hertfordshire,356.0
"(-0.23472870886325836, 51.86968231201172)","(-0.16668027639383354, 51.92811203002941)",Stevenage,3383.0
"(-0.5403488278388977, 51.602432250976676)","(-0.35985448956489563, 51.74195098876959)",Three Rivers,1051.0
"(-0.44422265887260437, 51.63987731933594)","(-0.37562140822410583, 51.70012283325201)",Watford,4507.0
"(-0.284883052110672, 51.679191589355526)","(-0.11352571845054626, 51.85728836059576)",Welwyn Hatfield,950.0
"(-1.5930559635162354, 50.5745849609375)","(-1.0691670179367065, 50.76763916015625)",Isle of Wight,373.0
"(-6.419305801391602, 49.86541748046869)","(-6.243751049041748, 49.98125076293957)",Isles of Scilly,136.0
"(0.5748640298844521, 50.988941192626896)","(0.9868912696838947, 51.25970077514654)",Ashford,224.0
"(0.9437873959541889, 51.17108535766613)","(1.2650972604751587, 51.38069534301769)",Canterbury,536.0
"(0.16083399951463662, 51.377605438232536)","(0.35685235261917114, 51.47333145141607)",Dartford,1548.0
"(1.1297993659973713, 51.09291839599615)","(1.4058330059051514, 51.32362747192394)",Dover,375.0
"(0.3216100633144947, 51.32180786132818)","(0.4850944280624958, 51.45279693603521)",Gravesham,1080.0
"(0.3758592903614044, 51.12932968139643)","(0.7709596157074543, 51.33086013793951)",Maidstone,437.0
"(0.04444300010806046, 51.135879516601676)","(0.32743284106265946, 51.38362884521496)",Sevenoaks,327.0
"(0.60706061124813, 51.21231079101568)","(0.9864347577095032, 51.44874954223644)",Swale,402.0
"(1.2279868125916096, 51.31183624267584)","(1.4497220516205402, 51.39402770996094)",Thanet,1370.0
"(0.20391640067111894, 51.1753044128418)","(0.529394447803611, 51.36542129516613)",Tonbridge and Malling,550.0
"(0.1529876142740818, 51.00000000000006)","(0.6271031498908997, 51.19814682006847)",Tunbridge Wells,358.0
"(-2.0088136196135906, 53.51610946655279)","(-1.5703712701797485, 53.760746002197266)",Kirklees,1076.0
"(-2.9208414554595947, 53.34850692749035)","(-2.751396894454956, 53.50046920776373)",Knowsley,1744.0
"(-2.3590469360351562, 53.730854034423885)","(-2.1110775470733643, 53.822494506835994)",Burnley,803.0
"(-2.821357488632202, 53.60524749755865)","(-2.5111119747161865, 53.746292114257926)",Chorley,583.0
"(-3.0580549240111736, 53.72876358032232)","(-2.775780439376831, 53.86913299560541)",Fylde,488.0
"(-2.4681260585784344, 53.71635055541998)","(-2.318481445312443, 53.81310653686535)",Hyndburn,1110.0
"(-2.9236109256744385, 53.92081069946295)","(-2.4635348320006756, 54.2427711486817)",Lancaster,258.0
"(-2.3381593227386475, 53.79864883422863)","(-2.0325100421905518, 53.9400253295899)",Pendle,544.0
"(-2.81675386428833, 53.75542068481445)","(-2.6037158966064453, 53.894130706787166)",Preston,1006.0
"(-2.6590449810028076, 53.76088714599615)","(-2.1751039028167725, 54.05204391479498)",Ribble Valley,104.0
"(-2.4185745716094402, 53.62308883666998)","(-2.1481142044066246, 53.753650665283146)",Rossendale,518.0
"(-2.837591886520329, 53.679523468017635)","(-2.553778409957829, 53.79013442993164)",South Ribble,979.0
"(-3.0522143840789795, 53.49737167358404)","(-2.701607704162541, 53.746295928955135)",West Lancashire,330.0
"(-3.051388978958016, 53.82423782348633)","(-2.6121315956115723, 53.97915649414074)",Wyre,397.0
"(-1.801599144935608, 53.701313018798885)","(-1.287224054336491, 53.94499969482433)",Leeds,1438.0
"(-1.2211107015609741, 52.58605194091808)","(-1.0631146430969238, 52.685184478759766)",Leicester,4830.0
"(-1.3437659740447998, 52.49745178222662)","(-1.0662314891815186, 52.665176391601676)",Blaby,778.0
"(-1.3443647623061565, 52.65810012817383)","(-0.9574764370917705, 52.81681442260742)",Charnwood,666.0
"(-1.3151175975798424, 52.40274429321295)","(-0.7248481512069134, 52.68487930297857)",Harborough,159.0
"(-1.5658247470855713, 52.50529861450195)","(-1.2165944576263428, 52.71582794189453)",Hinckley and Bosworth,380.0
"(-1.0648741722106934, 52.63533401489269)","(-0.6546798348426819, 52.9723472595216)",Melton,106.0
"(-1.5900403261184124, 52.66609573364258)","(-1.2525527477263836, 52.87623214721691)",North West Leicestershire,371.0
"(-1.1587899923324017, 52.566974639892635)","(-1.0507862567901611, 52.61521530151367)",Oadby and Wigston,2423.0
"(-0.2493771612643627, 52.86106872558605)","(0.18318840861320496, 53.086307525634766)",Boston,192.0
"(-0.32363182306289673, 52.99811553955078)","(0.35638898611080094, 53.52251434326183)",East Lindsey,80.0
"(-0.6256319880485535, 53.187805175781364)","(-0.5023221969604492, 53.26018524169922)",Lincoln,2782.0
"(-0.30659362673753776, 53.43652725219732)","(0.01694300025707207, 53.659030914306754)",North East Lincolnshire,828.0
"(-0.7690902948379517, 52.8831405639649)","(-0.20378014445293502, 53.26661682128906)",North Kesteven,127.0
"(-0.3295186161994934, 52.64537048339855)","(0.2884320020675091, 52.9336509704591)",South Holland,127.0
"(-0.7991563677787781, 52.636520385742244)","(-0.21651402115821838, 53.05618286132824)",South Kesteven,151.0
"(-0.8111100196838379, 52.8404159545899)","(0.24638900160795174, 53.61112976074219)",West Lindsey,83.0
"(-0.5015444159507751, 51.85997772216797)","(-0.34796139597887077, 51.92994689941406)",Luton,4914.0
"(-2.3085622787475018, 53.3422203063966)","(-2.1591219902038006, 53.57091140747082)",Manchester,4781.0
"(0.40441131591808244, 51.32564544677746)","(0.7247220277787392, 51.487640380859375)",Medway,1438.0
"(-1.295771837234497, 54.50129318237316)","(-1.1705948114395142, 54.5898056030274)",Middlesbrough,2616.0
"(-0.8783329725265503, 51.967304229736385)","(-0.585079073905888, 52.192501068115234)",Milton Keynes,873.0
"(-1.7844481468200684, 54.9541282653808)","(-1.5198760032653809, 55.07221984863287)",Newcastle upon Tyne,2669.0
"(0.5336743593215942, 52.359989166259766)","(1.1076756715774536, 52.790554046630916)",Breckland,107.0
"(0.9958276748657795, 52.54135131835943)","(1.6749317646026611, 52.806079864501896)",Broadland,237.0
"(1.553204298019466, 52.51691436767584)","(1.7452780008316608, 52.74847412109381)",Great Yarmouth,570.0
"(0.7161728739739601, 52.6651725769043)","(1.6669986248017494, 52.98069381713873)",North Norfolk,109.0
"(1.2175762653351967, 52.582683563232536)","(1.3538984060288612, 52.66790008544922)",Norwich,3602.0
"(0.9424882531166077, 52.353881835937614)","(1.7024990320206257, 52.66127395629894)",South Norfolk,155.0
"(-0.9480293393135071, 53.45111083984375)","(-0.22861100733274498, 53.71430587768566)",North Lincolnshire,204.0
"(-3.0013890266418457, 51.28638076782232)","(-2.583299160003662, 51.50902938842785)",North Somerset,575.0
"(-1.6328551769256023, 54.98077392578125)","(-1.4036120176315308, 55.070137023925895)",North Tyneside,2526.0
"(-2.5653700828552246, 53.84766006469738)","(-1.8144624233245281, 54.26630783081066)",Craven,49.0
"(-1.702480196952763, 53.98802566528332)","(-0.9890472888946533, 54.505828857421875)",Hambleton,70.0
"(-2.0211596488952637, 53.902462005615234)","(-1.178998112678471, 54.26612472534191)",Harrogate,123.0
"(-2.373067617416382, 54.17287063598627)","(-1.472591519355717, 54.53168869018555)",Richmondshire,41.0
"(-1.2782903909683228, 53.987728118896484)","(-0.4064426124095917, 54.42185592651367)",Ryedale,37.0
"(-1.0856167078017052, 54.133049011230526)","(-0.196943998336792, 54.55736160278332)",Scarborough,133.0
"(-1.3444440364837078, 53.619998931884766)","(-0.9022825360297588, 53.95607757568371)",Selby,151.0
"(-0.805756449699345, 52.454315185546875)","(-0.6059277653693584, 52.55311203002941)",Corby,900.0
"(-1.271899700164738, 52.14686965942394)","(-0.7853482365608215, 52.47553634643549)",Daventry,130.0
"(-0.675490140914917, 52.25736236572271)","(-0.35685601830482483, 52.652770996093864)",East Northamptonshire,185.0
"(-0.9078747034072876, 52.34818267822277)","(-0.6287029385566711, 52.52789688110357)",Kettering,436.0
"(-0.9680633544921875, 52.19435501098644)","(-0.7929452061653137, 52.283142089843864)",Northampton,2781.0
"(-1.3211920261383057, 51.97639083862305)","(-0.7084354758262066, 52.259372711181754)",South Northamptonshire,149.0
"(-0.8169077038763817, 52.17013168334972)","(-0.6083462238311199, 52.363922119140625)",Wellingborough,489.0
"(-2.6856329441070557, 54.77861022949219)","(-1.4541219472885132, 55.80439758300781)",Northumberland,64.0
"(-1.257764220237732, 52.88907241821289)","(-1.096452236175537, 53.01972198486334)",Nottingham,4462.0
"(-1.3506464958190918, 53.01006317138666)","(-1.1651874780654907, 53.16079330444347)",Ashfield,1168.0
"(-1.2181947231292725, 53.19574356079096)","(-0.7577443718910217, 53.508789062500114)",Bassetlaw,184.0
"(-1.3497337102890015, 52.905609130859375)","(-1.196231007575875, 53.05874252319347)",Broxtowe,1424.0
"(-1.2368429899215698, 52.94669342041027)","(-1.037488341331482, 53.10319900512707)",Gedling,983.0
"(-1.266219735145512, 53.10807418823242)","(-1.1118791103362469, 53.23713684082037)",Mansfield,1425.0
"(-1.1757243871688843, 52.95750808715832)","(-0.6739785671233562, 53.25383758544922)",Newark and Sherwood,188.0
"(-1.2787790298461914, 52.79535675048828)","(-0.8177348375319866, 53.0384140014649)",Rushcliffe,291.0
"(-2.177900552749634, 53.48995208740229)","(-1.9114912748336792, 53.61861038208002)",Oldham,1666.0
"(-1.5217924118041992, 51.785896301269645)","(-1.0472209453582764, 52.16159057617193)",Cherwell,256.0
"(-1.312382459640503, 51.71249389648432)","(-1.1946592330932049, 51.80169677734381)",Oxford,3343.0
"(-1.3021554946899414, 51.46165466308605)","(-0.868332028388977, 51.81618881225586)",South Oxfordshire,209.0
"(-1.6866669654845055, 51.517429351806754)","(-1.231452465057373, 51.8004722595216)",Vale of White Horse,235.0
"(-1.709167003631535, 51.690578460693416)","(-1.2978581190109253, 51.987838745117244)",West Oxfordshire,155.0
"(-0.506621241569519, 52.52754592895519)","(-0.025876151397824287, 52.66626739501959)",Peterborough,589.0
"(-4.204721927642765, 50.34460067749035)","(-4.036635875701791, 50.43552398681635)",Plymouth,3282.0
"(-1.1130570173262981, 50.77597045898449)","(-0.935276985168457, 50.85788726806646)",Portsmouth,5321.0
"(-1.1023015975952148, 51.40582275390625)","(-0.950368344783783, 51.50300216674805)",Reading,4005.0
"(-1.215267062187138, 54.48666000366211)","(-0.7787690162657555, 54.647914886474666)",Redcar and Cleveland,560.0
"(-2.2776284217833904, 53.52325439453131)","(-2.0186028480529217, 53.69570159912121)",Rochdale,1407.0
"(-1.4153923988342285, 53.301906585693416)","(-1.1273958683013348, 53.50456619262695)",Rotherham,926.0
"(-0.7869502902030945, 52.529544830322266)","(-0.4460216760635376, 52.75325012207037)",Rutland,105.0
"(-2.4789302349090008, 53.422519683838004)","(-2.288799047469979, 53.55014038085943)",Salford,2663.0
"(-2.1015844345092205, 52.454582214355526)","(-1.9134330749511719, 52.565685272216854)",Sandwell,3839.0
"(-3.0229737758635906, 53.32652664184576)","(-2.8054370880126953, 53.48143005371094)",Liverpool,4453.0
"(-3.1036100387572674, 53.454860687255916)","(-2.8805010318756104, 53.70819473266613)",Sefton,1765.0
"(-1.7899699211119469, 53.314182281494254)","(-1.318764090538025, 53.4908561706543)",Sheffield,1590.0
"(-3.214167118072396, 52.303600311279354)","(-2.226943016052246, 53.00410842895508)",Shropshire,101.0
"(-0.6558436155319214, 51.46369552612305)","(-0.501174807548523, 51.541046142578125)",Slough,4595.0
"(-1.8744635581970215, 52.349021911621094)","(-1.582886338233834, 52.510143280029354)",Solihull,1214.0
"(-2.847442150115967, 51.05799865722662)","(-2.2361099720000652, 51.32666015625)",Mendip,156.0
"(-3.2004711627960205, 51.04578781127924)","(-2.6948509216308594, 51.32875061035156)",Sedgemoor,218.0
"(-3.0896944999694824, 50.82255172729498)","(-2.3216660022735027, 51.149875640869254)",South Somerset,176.0
"(-2.669722080230713, 51.41983032226568)","(-2.2452759742736816, 51.67605972290045)",South Gloucestershire,574.0
"(-1.525319337844735, 54.925270080566406)","(-1.3524999618529705, 55.00291824340832)",South Tyneside,2343.0
"(-1.4950802326201824, 50.87874984741211)","(-1.3184107542036827, 50.95049667358404)",Southampton,5062.0
"(0.6163283586503212, 51.52097320556652)","(0.8102790117263794, 51.576663970947266)",Southend-on-Sea,4394.0
"(-2.0770812034606934, 52.6305770874024)","(-1.9226895570754436, 52.77810287475586)",Cannock Chase,1277.0
"(-2.058837652206364, 52.724136352539176)","(-1.5777398347854614, 53.05778503417969)",East Staffordshire,309.0
"(-1.9750152826309204, 52.57941436767578)","(-1.591157913207951, 52.80667877197271)",Lichfield,316.0
"(-2.4502780437469482, 52.86804962158209)","(-2.2103629112243084, 53.104614257812614)",Newcastle-under-Lyme,614.0
"(-2.3345072269439697, 52.421661376953125)","(-1.9762188196181683, 52.787487030029354)",South Staffordshire,276.0
"(-2.4292635917663574, 52.72228240966797)","(-1.9449189901350792, 52.984954833984375)",Stafford,229.0
"(-2.2389907836914062, 52.91615676879883)","(-1.7716679573058514, 53.21765899658209)",Staffordshire Moorlands,171.0
"(-1.7566131353377727, 52.590755462646484)","(-1.6307969093322754, 52.66177749633795)",Tamworth,2486.0
"(-2.2395408153533936, 53.33900833129883)","(-2.009416103363037, 53.45247268676752)",Stockport,2328.0
"(-1.4636319875716595, 54.46221923828131)","(-1.163330674171391, 54.647560119628906)",Stockton-on-Tees,963.0
"(-2.2460217475890545, 52.943664550781364)","(-2.07649827003479, 53.099044799804744)",Stoke-on-Trent,2743.0
"(0.6313363909721375, 51.94013977050787)","(1.2678942680358318, 52.177955627441406)",Babergh,155.0
"(1.1007611751555828, 52.009120941162166)","(1.2113368511199951, 52.090354919433594)",Ipswich,3465.0
"(0.8007028102874756, 52.06193542480469)","(1.3947424888611977, 52.39498519897472)",Mid Suffolk,119.0
"(-1.5628900527954102, 54.797000885009766)","(-1.3413900136947632, 54.93420791625982)",Sunderland,2021.0
"(-0.48176041245454826, 51.29567718505865)","(-0.3062441349029541, 51.40589523315424)",Elmbridge,1439.0
"(-0.3128541111946106, 51.29189682006836)","(-0.21805599331855774, 51.37395477294922)",Epsom and Ewell,2366.0
"(-0.7475209832191467, 51.171955108642635)","(-0.39182552695274353, 51.321674346923885)",Guildford,550.0
"(-0.4438613951206207, 51.09751129150402)","(-0.1823919117450714, 51.33267974853521)",Mole Valley,338.0
"(-0.27609407901763916, 51.14991760253912)","(-0.12403560429811478, 51.33972167968756)",Reigate and Banstead,1152.0
"(-0.6337217688559349, 51.3387908935548)","(-0.4791280031203655, 51.44298934936529)",Runnymede,1146.0
"(-0.5271080732345013, 51.373813629150504)","(-0.37214574217796326, 51.46512222290045)",Spelthorne,2224.0
"(-0.7732133269309429, 51.27747726440441)","(-0.5437678694724468, 51.38574600219732)",Surrey Heath,939.0
"(-0.15354439616203308, 51.134441375732536)","(0.06388899683952332, 51.330829620361385)",Tandridge,355.0
"(-0.8399999737738995, 51.07083129882824)","(-0.4147570431231884, 51.23643875122076)",Waverley,366.0
"(-0.6429650187492371, 51.259574890136776)","(-0.47100573778152466, 51.34095764160156)",Woking,1585.0
"(-1.8398799896239666, 51.48445510864269)","(-1.5869598388671875, 51.68111038208019)",Swindon,966.0
"(-2.206960678100529, 53.43740081787115)","(-1.9715771675108726, 53.53496551513666)",Tameside,2196.0
"(-2.673361063003483, 52.60708236694347)","(-2.3041670322418213, 52.82604598999035)",Telford and Wrekin,620.0
"(0.21666599810134812, 51.44332885742199)","(0.5480549931527321, 51.557998657226506)",Thurrock,1064.0
"(-3.6227684020996094, 50.37486267089855)","(-3.4802789688109783, 50.50820159912104)",Torbay,2167.0
"(-2.460556983947754, 53.350467681884766)","(-2.2471716403960613, 53.47095108032238)",Trafford,2238.0
"(-1.6211988925933838, 53.576110839843864)","(-1.21110999584198, 53.737754821777344)",Wakefield,1029.0
"(-2.100670576095581, 52.542556762695426)","(-1.865555524825993, 52.66527938842785)",Walsall,2746.0
"(-2.7127463817596436, 53.328624725341854)","(-2.4287700653075603, 53.48779296875006)",Warrington,1163.0
"(-1.7776730060577393, 52.43743133544933)","(-1.468536972999459, 52.696666717529354)",North Warwickshire,230.0
"(-1.5750735998153118, 52.46456146240229)","(-1.4005666971206665, 52.549201965332145)",Nuneaton and Bedworth,1645.0
"(-2.0514512062072754, 52.246971130371094)","(-1.1694005727767376, 52.576194763183594)",Rugby,310.0
"(-1.9457234144210815, 52.0269393920899)","(-1.2159276008605957, 52.3675804138183)",Stratford-on-Avon,133.0
"(-1.7888888120651245, 52.21533584594738)","(-1.410722613334599, 52.39307785034191)",Warwick,508.0
"(-1.5844680070875938, 51.33250045776367)","(-1.0029163360595703, 51.553329467773494)",West Berkshire,225.0
"(-0.3770541548728943, 50.81882095336914)","(-0.2061109989880947, 50.876464843750114)",Adur,1529.0
"(-0.7510146498680115, 50.77347183227539)","(-0.36102014780044556, 50.89772415161144)",Arun,727.0
"(-0.9525009989738464, 50.72208404541021)","(-0.46361568570137024, 51.08903884887707)",Chichester,154.0
"(-0.9424999952315147, 50.809581756591854)","(-0.1383813917636303, 51.161380767822266)",Crawley,2500.0
"(-0.5588731169700623, 50.86222839355469)","(-0.20957128703594208, 51.144855499267635)",Horsham,271.0
"(-0.25292590260505676, 50.8610076904298)","(0.0259500108658699, 51.144145965576286)",Mid Sussex,452.0
"(-0.434743195772171, 50.80263900756836)","(-0.32583400607103385, 50.86088180541998)",Worthing,3400.0
"(-2.735652446746826, 53.45245742797863)","(-2.426621675491276, 53.60970687866211)",Wigan,1747.0
"(-2.351944923400879, 50.950271606445426)","(-1.485834002494812, 51.69805145263672)",Wiltshire,154.0
"(-0.8509052991867065, 51.37880325317377)","(-0.5165019035338787, 51.57526779174799)",Windsor and Maidenhead,771.0
"(-3.229722023010254, 53.30097198486328)","(-2.941943883895817, 53.44124984741211)",Wirral,2013.0
"(-1.0461599826812744, 51.34946441650396)","(-0.7902361750602722, 51.56234359741211)",Wokingham,956.0
"(-2.2005579471587566, 52.54639053344732)","(-2.066624164581242, 52.63415908813482)",Wolverhampton,3793.0
"(-2.1502130031585693, 52.26933670043957)","(-1.850272297859192, 52.43693923950201)",Bromsgrove,460.0
"(-2.6125197410583496, 51.96277999877941)","(-2.1599090099334717, 52.36412429809582)",Malvern Hills,136.0
"(-2.032507658004704, 52.23507308959961)","(-1.8854008913039593, 52.31928634643566)",Redditch,1572.0
"(-2.2601423263549805, 52.16351318359381)","(-2.1533114910125732, 52.22526931762707)",Worcester,3042.0
"(-2.274564504623413, 51.99528121948242)","(-1.7577780485153198, 52.35903167724621)",Wychavon,195.0
"(-2.432462692260742, 52.325679779052734)","(-2.132903099059945, 52.456108093261776)",Wyre Forest,518.0
"(-1.2163509130477905, 53.87673950195324)","(-0.908151149749699, 54.054698944091854)",York,775.0
"(-6.065834999084473, 54.540279388427734)","(-5.807776927947941, 54.663059234619084)",Belfast,2495.0
"(-3.7963900566100506, 56.740135192871094)","(-1.7658330202101524, 57.7009735107423)",Aberdeenshire,41.0
"(-3.3950340747832684, 56.46402740478527)","(-2.4330570697784424, 56.98471832275396)",Angus,53.0
"(-6.999722003936711, 55.27402877807617)","(-4.558332920074406, 56.70486068725597)",Argyll and Bute,12.0
"(-3.880497455596924, 56.07049179077143)","(-3.5754542350769043, 56.21583175659174)",Clackmannanshire,324.0
"(-5.188055038452092, 54.632915496826286)","(-2.8505558967589764, 55.46249008178711)",Dumfries and Galloway,23.0
"(-4.625720024108887, 55.14205932617199)","(-3.960791110992375, 55.75934219360357)",East Ayrshire,97.0
"(-4.40255689620966, 55.891853332519645)","(-4.045319557189885, 56.02885055541998)",East Dunbartonshire,623.0
"(-3.0885262489318848, 55.82167816162104)","(-2.364167928695622, 56.078750610351676)",East Lothian,158.0
"(-4.563775062561035, 55.669269561767635)","(-4.218910217285156, 55.81155395507824)",East Renfrewshire,548.0
"(-3.4510829448699383, 55.81929397583002)","(-3.087571382522583, 56.01263809204107)",City of Edinburgh,1993.0
"(-4.036857604980469, 55.895271301269645)","(-3.5125010013580322, 56.10050582885742)",Falkirk,541.0
"(-3.750951051712036, 56.00680541992193)","(-2.5441670417785645, 56.453193664550895)",Fife,282.0
"(-6.790278911590576, 56.497081756591854)","(-3.023056983947754, 59.0879173278808)",Highland,9.0
"(-4.899722099304199, 55.84244537353527)","(-4.606791973114014, 55.963748931884766)",Inverclyde,485.0
"(-3.378889322280827, 55.71194076538086)","(-2.820858955383301, 55.92860794067383)",Midlothian,261.0
"(-3.7613890171050457, 57.082057952880916)","(-2.705631971359253, 57.725971221923885)",Moray,43.0
"(-5.397500991821289, 55.423751831054744)","(-4.492831707000732, 55.92930603027344)",North Ayrshire,152.0
"(-4.189350128173828, 55.74046325683594)","(-3.7063889503479004, 56.02582931518566)",North Lanarkshire,726.0
"(-3.4363889694213867, 58.672916412353516)","(-2.368612051010132, 59.392917633056584)",Orkney Islands,22.0
"(-4.7847228050231365, 55.7572593688966)","(-4.357911109924316, 55.933750152587834)",Renfrewshire,685.0
"(-3.5347230434416588, 55.112220764160156)","(-2.028057098388672, 55.94694900512695)",Scottish Borders,24.0
"(-2.1203126907348633, 59.50597381591797)","(0.007812466938162288, 61.52708435058605)",Shetland Islands,16.0
"(-5.125278949737435, 55.00514984130854)","(-4.400814056396484, 55.591361999511776)",South Ayrshire,92.0
"(-4.273629188537541, 55.28971862792963)","(-3.394443988799992, 55.8355331420899)",South Lanarkshire,181.0
"(-4.836919784545842, 55.953628540039176)","(-3.8022935390471844, 56.577392578125)",Stirling,43.0
"(-4.652055740356445, 55.877590179443416)","(-4.383216381072998, 56.080612182617244)",West Dunbartonshire,560.0
"(-3.820555925369206, 55.76966094970703)","(-3.377210855484009, 56.00041580200201)",West Lothian,428.0
"(-3.2927789688109783, 51.67804336547863)","(-3.130041599273625, 51.81472015380871)",Blaenau Gwent,643.0
"(-3.761944055557194, 51.468887329101676)","(-3.4754130840300945, 51.685546875000114)",Bridgend,586.0
"(-3.336068630218506, 51.545169830322266)","(-3.073154926299992, 51.80729675292963)",Caerphilly,653.0
"(-3.332798480987549, 51.4509735107423)","(-3.065556049346924, 51.56156158447271)",Cardiff,2604.0
"(-4.767683029174748, 51.654304504394645)","(-3.64194393157959, 52.12429046630854)",Carmarthenshire,80.0
"(-4.698540210723877, 52.0282821655274)","(-3.651945114135742, 52.558193206787166)",Ceredigion,41.0
"(-4.04167985916132, 52.95217895507818)","(-3.462862014770451, 53.343193054199276)",Conwy,104.0
"(-3.5945000648498535, 52.86688232421875)","(-3.094794988632202, 53.35069274902355)",Denbighshire,114.0
"(-3.3820929527282715, 53.084312438964844)","(-2.916956901550293, 53.3565292358399)",Flintshire,355.0
"(-4.803610801696777, 52.54180526733404)","(-3.452453374862614, 53.331249237060604)",Gwynedd,49.0
"(-3.4685332775115967, 51.64862442016607)","(-3.2752039432525635, 51.82777023315441)",Merthyr Tydfil,541.0
"(-3.1568169593810467, 51.563472747802734)","(-2.647500991821289, 51.98332977294933)",Monmouthshire,111.0
"(-3.9330899715423016, 51.53324890136719)","(-3.56777906417841, 51.80028152465832)",Neath Port Talbot,325.0
"(-3.1214840412138756, 51.502361297607536)","(-2.797791004180908, 51.66170501708996)",Newport,812.0
"(-5.48416805267334, 51.595417022705135)","(-4.494659900665283, 52.11819458007807)",Pembrokeshire,78.0
"(-3.9321999549865723, 51.75777053833019)","(-2.9525010585784344, 52.894470214843864)",Powys,26.0
"(-4.334166049957275, 51.53541564941412)","(-3.8298959732055096, 51.76665878295904)",Swansea,654.0
"(-3.1580100059509277, 51.60578918457037)","(-2.9612650871276287, 51.81079864501959)",Torfaen,748.0
"(-3.64194393157959, 51.337917327880916)","(-3.1024999618529137, 51.518859863281364)",Vale of Glamorgan,403.0
"(-3.380126714706421, 52.864868164062614)","(-2.71966814994812, 53.136478424072266)",Wrexham,270.0
